ticker,company_name,market_cap_category
ADANIENT.NSE,Adani Enterprises Limited,Large Cap
ADANIGREEN.NSE,Adani Green Energy Limited,Large Cap
ADANITRANS.NSE,Adani Transmission Limited,Large Cap
ASIANPAINT.NSE,Asian Paints Limited,Large Cap
ATGL.NSE,Adani Total Gas Limited,Large Cap
AXISBANK.NSE,Axis Bank Limited,Large Cap
BAJAJ-AUTO.NSE,Bajaj Auto Limited,Large Cap
BAJAJFINSV.NSE,Bajaj Finserv Ltd.,Large Cap
BAJFINANCE.NSE,Bajaj Finance Limited,Large Cap
BHARTIARTL.NSE,Bharti Airtel Limited,Large Cap
BPCL.NSE,Bharat Petroleum Corporation Limited,Large Cap
BRITANNIA.NSE,Britannia Industries Limited,Large Cap
CIPLA.NSE,Cipla Limited,Large Cap
COALINDIA.NSE,Coal India Limited,Large Cap
DABUR.NSE,Dabur India Limited,Large Cap
DIVISLAB.NSE,Divi's Laboratories Limited,Large Cap
DLF.NSE,DLF Limited,Large Cap
DMART.NSE,Avenue Supermarts Limited,Large Cap
DRREDDY.NSE,Dr. Reddy's Laboratories Limited,Large Cap
EICHERMOT.NSE,Eicher Motors Limited,Large Cap
GODREJCP.NSE,Godrej Consumer Products Limited,Large Cap
GRASIM.NSE,Grasim Industries Limited,Large Cap
HCLTECH.NSE,HCL Technologies Limited,Large Cap
HDFC.NSE,Housing Development Finance Corporation Limited,Large Cap
HDFCBANK.NSE,HDFC Bank Limited,Large Cap
HDFCLIFE.NSE,HDFC Life Insurance Company Limited,Large Cap
HINDALCO.NSE,Hindalco Industries Limited,Large Cap
HINDUNILVR.NSE,Hindustan Unilever Limited,Large Cap
HINDZINC.NSE,Hindustan Zinc Limited,Large Cap
ICICIBANK.NSE,ICICI Bank Limited,Large Cap
ICICIPRULI.NSE,ICICI Prudential Life Insurance Company Limited,Large Cap
INDUSINDBK.NSE,IndusInd Bank Limited,Large Cap
INFY.NSE,Infosys Limited,Large Cap
IOC.NSE,Indian Oil Corporation Limited,Large Cap
ITC.NSE,ITC Limited,Large Cap
JSWSTEEL.NSE,JSW Steel Limited,Large Cap
KOTAKBANK.NSE,Kotak Mahindra Bank Limited,Large Cap
M&M.NSE,Mahindra & Mahindra Limited,Large Cap
MARUTI.NSE,Maruti Suzuki India Limited,Large Cap
MOTHERSUMI.NSE,Motherson Sumi Systems Limited,Large Cap
NESTLEIND.NSE,Nestle India Limited,Large Cap
NTPC.NSE,NTPC Limited,Large Cap
ONGC.NSE,Oil and Natural Gas Corporation Limited,Large Cap
PIDILITIND.NSE,Pidilite Industries Limited,Large Cap
POWERGRID.NSE,Power Grid Corporation of India Limited,Large Cap
RELIANCE.NSE,Reliance Industries Limited,Large Cap
SANOFI.NSE,Sanofi,Large Cap
SBICARD.NSE,SBI Cards and Payment Services Limited,Large Cap
SBILIFE.NSE,SBI Life Insurance Company Limited,Large Cap
SBIN.NSE,State Bank of India,Large Cap
SHREECEM.NSE,Shree Cement Limited,Large Cap
SUNPHARMA.NSE,Sun Pharmaceutical Industries Limited,Large Cap
SUPERHOUSE.NSE,RH,Large Cap
TATAMOTORS.NSE,Tata Motors Limited,Large Cap
TATAMTRDVR.NSE,Tata Motors Limited,Large Cap
TATASTEEL.NSE,Tata Steel Limited,Large Cap
TCS.NSE,Tata Consultancy Services Limited,Large Cap
TECHM.NSE,Tech Mahindra Limited,Large Cap
TITAN.NSE,Titan Company Limited,Large Cap
TWL.NSE,RH,Large Cap
ULTRACEMCO.NSE,UltraTech Cement Limited,Large Cap
VEDL.NSE,Vedanta Limited,Large Cap
VSCL-SM.NSE,RH,Large Cap
WIPRO.NSE,Wipro Limited,Large Cap
AARTIIND.NSE,Aarti Industries Limited,Mid Cap
AAVAS.NSE,Aavas Financiers Limited,Mid Cap
ABB.NSE,ABB India Limited,Mid Cap
ABBOTINDIA.NSE,Abbott India Limited,Mid Cap
ABCAPITAL.NSE,Aditya Birla Capital Limited,Mid Cap
ABFRL.NSE,Aditya Birla Fashion and Retail Limited,Mid Cap
ACC.NSE,ACC Limited,Mid Cap
ADANIPOWER.NSE,Adani Power Limited,Mid Cap
AIAENG.NSE,AIA Engineering Limited,Mid Cap
AJANTPHARM.NSE,Ajanta Pharma Limited,Mid Cap
ALKEM.NSE,Alkem Laboratories Limited,Mid Cap
AMBUJACEM.NSE,Ambuja Cements Limited,Mid Cap
APLAPOLLO.NSE,APL Apollo Tubes Limited,Mid Cap
APLLTD.NSE,Alembic Pharmaceuticals Limited,Mid Cap
APOLLOHOSP.NSE,Apollo Hospitals Enterprise Limited,Mid Cap
APOLLOTYRE.NSE,Apollo Tyres Limited,Mid Cap
ASHOKLEY.NSE,Ashok Leyland Limited,Mid Cap
ASTRAL.NSE,Astral Limited,Mid Cap
ATUL.NSE,Atul Ltd,Mid Cap
AUBANK.NSE,AU Small Finance Bank Limited,Mid Cap
AUROPHARMA.NSE,Aurobindo Pharma Limited,Mid Cap
BAJAJHLDNG.NSE,Bajaj Holdings & Investment Limited,Mid Cap
BALKRISIND.NSE,Balkrishna Industries Limited,Mid Cap
BANDHANBNK.NSE,Bandhan Bank Limited,Mid Cap
BANKBARODA.NSE,Bank of Baroda,Mid Cap
BANKINDIA.NSE,Bank of India Limited,Mid Cap
BATAINDIA.NSE,Bata India Limited,Mid Cap
BAYERCROP.NSE,Bayer CropScience Limited,Mid Cap
BEL.NSE,Bharat Electronics Limited,Mid Cap
BERGEPAINT.NSE,Berger Paints India Limited,Mid Cap
BHARATFORG.NSE,Bharat Forge Limited,Mid Cap
BHEL.NSE,Bharat Heavy Electricals Limited,Mid Cap
BIOCON.NSE,Biocon Limited,Mid Cap
BOSCHLTD.NSE,Bosch Limited,Mid Cap
CADILAHC.NSE,Cadila Healthcare Limited,Mid Cap
CANBK.NSE,Canara Bank,Mid Cap
CHOLAFIN.NSE,Cholamandalam Investment and Finance Company Limited,Mid Cap
COFORGE.NSE,COFORGE Limited,Mid Cap
COLPAL.NSE,Colgate-Palmolive (India) Limited,Mid Cap
CONCOR.NSE,Container Corporation of India Limited,Mid Cap
COROMANDEL.NSE,Coromandel International Limited,Mid Cap
CRISIL.NSE,CRISIL Limited,Mid Cap
CROMPTON.NSE,Crompton Greaves Consumer Electricals Limited,Mid Cap
CUMMINSIND.NSE,Cummins India Limited,Mid Cap
DALBHARAT.NSE,Dalmia Bharat Limited,Mid Cap
DEEPAKNTR.NSE,Deepak Nitrite Limited,Mid Cap
DIXON.NSE,Dixon Technologies (India) Limited,Mid Cap
EMAMILTD.NSE,Emami Limited,Mid Cap
ENDURANCE.NSE,Endurance Technologies Limited,Mid Cap
ESCORTS.NSE,Escorts Limited,Mid Cap
EXIDEIND.NSE,Exide Industries Limited,Mid Cap
FEDERALBNK.NSE,The Federal Bank Limited,Mid Cap
FORTIS.NSE,Fortis Healthcare Limited,Mid Cap
GAIL.NSE,GAIL (India) Limited,Mid Cap
GICRE.NSE,General Insurance Corporation of India,Mid Cap
GILLETTE.NSE,Gillette India Limited,Mid Cap
GLAND.NSE,Gland Pharma Limited,Mid Cap
GLAXO.NSE,GlaxoSmithKline Pharmaceuticals Limited,Mid Cap
GLENMARK.NSE,Glenmark Pharmaceuticals Limited,Mid Cap
GMRINFRA.NSE,GMR Infrastructure Limited,Mid Cap
GODREJIND.NSE,Godrej Industries Limited,Mid Cap
GODREJPROP.NSE,Godrej Properties Limited,Mid Cap
GUJGASLTD.NSE,Gujarat Gas Limited,Mid Cap
HAL.NSE,Hindustan Aeronautics Limited,Mid Cap
HATSUN.NSE,Hatsun Agro Product Limited,Mid Cap
HAVELLS.NSE,Havells India Limited,Mid Cap
HDFCAMC.NSE,HDFC Asset Management Company Limited,Mid Cap
HEROMOTOCO.NSE,Hero MotoCorp Limited,Mid Cap
HINDCOPPER.NSE,Hindustan Copper Limited,Mid Cap
HINDPETRO.NSE,Hindustan Petroleum Corporation Limited,Mid Cap
ICICIGI.NSE,ICICI Lombard General Insurance Company Limited,Mid Cap
IDBI.NSE,IDBI Bank Limited,Mid Cap
IGL.NSE,Indraprastha Gas Limited,Mid Cap
INDHOTEL.NSE,The Indian Hotels Company Limited,Mid Cap
INDIAMART.NSE,IndiaMART InterMESH Limited,Mid Cap
INDIANB.NSE,Indian Bank,Mid Cap
INDIGO.NSE,InterGlobe Aviation Limited,Mid Cap
INDUSTOWER.NSE,Indus Towers Limited,Mid Cap
IOB.NSE,Indian Overseas Bank,Mid Cap
IPCALAB.NSE,Ipca Laboratories Limited,Mid Cap
IRCTC.NSE,Indian Railway Catering & Tourism Corporation Limited,Mid Cap
IRFC.NSE,Indian Railway Finance Corporation Limited,Mid Cap
ISEC.NSE,ICICI Securities Limited,Mid Cap
JINDALSTEL.NSE,Jindal Steel & Power Limited,Mid Cap
JKCEMENT.NSE,J.K. Cement Limited,Mid Cap
JSWENERGY.NSE,JSW Energy Limited,Mid Cap
JUBLFOOD.NSE,Jubilant FoodWorks Limited,Mid Cap
KAJARIACER.NSE,Kajaria Ceramics Limited,Mid Cap
KANSAINER.NSE,Kansai Nerolac Paints Limited,Mid Cap
KIOCL.NSE,KIOCL Limited,Mid Cap
LALPATHLAB.NSE,Dr. Lal PathLabs Limited,Mid Cap
LAURUSLABS.NSE,Laurus Labs Limited,Mid Cap
LICHSGFIN.NSE,LIC Housing Finance Limited,Mid Cap
LODHA.NSE,Macrotech Developers Limited,Mid Cap
LTI.NSE,Larsen & Toubro Infotech Limited,Mid Cap
LTTS.NSE,L&T Technology Services Limited,Mid Cap
LUPIN.NSE,Lupin Limited,Mid Cap
M&MFIN.NSE,Mahindra & Mahindra Financial Services Limited,Mid Cap
MAHABANK.NSE,Bank of Maharashtra,Mid Cap
MARICO.NSE,Marico Limited,Mid Cap
MAXHEALTH.NSE,Max Healthcare Institute Limited,Mid Cap
MCDOWELL-N.NSE,United Spirits Limited,Mid Cap
MINDAIND.NSE,Minda Industries Limited,Mid Cap
MINDTREE.NSE,Mindtree Limited,Mid Cap
MPHASIS.NSE,Mphasis Limited,Mid Cap
MRF.NSE,MRF Limited,Mid Cap
MUTHOOTFIN.NSE,Muthoot Finance Limited,Mid Cap
NATCOPHARM.NSE,NATCO Pharma Limited,Mid Cap
NAUKRI.NSE,Info Edge (India) Limited,Mid Cap
NAVINFLUOR.NSE,Navin Fluorine International Limited,Mid Cap
NHPC.NSE,NHPC Limited,Mid Cap
NIACL.NSE,The New India Assurance Company Limited,Mid Cap
NMDC.NSE,NMDC Limited,Mid Cap
OBEROIRLTY.NSE,Oberoi Realty Limited,Mid Cap
OFSS.NSE,Oracle Financial Services Software Limited,Mid Cap
PAGEIND.NSE,Page Industries Limited,Mid Cap
PEL.NSE,Piramal Enterprises Limited,Mid Cap
PERSISTENT.NSE,Persistent Systems Limited,Mid Cap
PFC.NSE,Power Finance Corporation Limited,Mid Cap
PFIZER.NSE,Pfizer Limited,Mid Cap
PGHH.NSE,Procter & Gamble Hygiene and Health Care Limited,Mid Cap
PIIND.NSE,PI Industries Limited,Mid Cap
PNB.NSE,Punjab National Bank,Mid Cap
POLYCAB.NSE,Polycab India Limited,Mid Cap
RAJESHEXPO.NSE,Rajesh Exports Limited,Mid Cap
RAMCOCEM.NSE,The Ramco Cements Limited,Mid Cap
RECLTD.NSE,REC Limited,Mid Cap
RELAXO.NSE,Relaxo Footwears Limited,Mid Cap
RUCHI.NSE,Ruchi Soya Industries Limited,Mid Cap
SAIL.NSE,Steel Authority of India Limited,Mid Cap
SCHAEFFLER.NSE,Schaeffler India Limited,Mid Cap
SIEMENS.NSE,Siemens Limited,Mid Cap
SRF.NSE,SRF Limited,Mid Cap
SRTRANSFIN.NSE,Shriram Transport Finance Company Limited,Mid Cap
SUMICHEM.NSE,Sumitomo Chemical India Limited,Mid Cap
SUNDARMFIN.NSE,Sundaram Finance Limited,Mid Cap
SUPREMEIND.NSE,The Supreme Industries Limited,Mid Cap
SYNGENE.NSE,Syngene International Limited,Mid Cap
TATACHEM.NSE,Tata Chemicals Limited,Mid Cap
TATACOMM.NSE,Tata Communications Limited,Mid Cap
TATACONSUM.NSE,Tata Consumer Products Limited,Mid Cap
TATAELXSI.NSE,Tata Elxsi Limited,Mid Cap
TATAPOWER.NSE,The Tata Power Company Limited,Mid Cap
THERMAX.NSE,Thermax Limited,Mid Cap
TIINDIA.NSE,Tube Investments of India Limited,Mid Cap
TORNTPHARM.NSE,Torrent Pharmaceuticals Limited,Mid Cap
TORNTPOWER.NSE,Torrent Power Limited,Mid Cap
TRENT.NSE,Trent Limited,Mid Cap
TVSMOTOR.NSE,TVS Motor Company Limited,Mid Cap
UBL.NSE,United Breweries Limited,Mid Cap
UNIONBANK.NSE,Union Bank of India,Mid Cap
UPL.NSE,UPL Limited,Mid Cap
VBL.NSE,Varun Beverages Limited,Mid Cap
VINATIORGA.NSE,Vinati Organics Limited,Mid Cap
VOLTAS.NSE,Voltas Limited,Mid Cap
WHIRLPOOL.NSE,Whirlpool of India Limited,Mid Cap
YESBANK.NSE,Yes Bank Limited,Mid Cap
ZEEL.NSE,Zee Entertainment Enterprises Limited,Mid Cap
AARTIDRUGS.NSE,Aarti Drugs Limited,Small Cap
ADANIPORTS.NSE,one,Small Cap
ADVENZYMES.NSE,Advanced Enzyme Technologies Limited,Small Cap
AEGISCHEM.NSE,Aegis Logistics Limited,Small Cap
AFFLE.NSE,Affle (India) Limited,Small Cap
AKZOINDIA.NSE,Akzo Nobel India Limited,Small Cap
ALEMBICLTD.NSE,Alembic Limited,Small Cap
ALKYLAMINE.NSE,Alkyl Amines Chemicals Limited,Small Cap
ALLCARGO.NSE,Allcargo Logistics Limited,Small Cap
ALOKINDS.NSE,Alok Industries Limited,Small Cap
AMARAJABAT.NSE,Amara Raja Batteries Limited,Small Cap
AMBER.NSE,Amber Enterprises India Limited,Small Cap
ANGELBRKG.NSE,Angel Broking Limited,Small Cap
ANURAS.NSE,Anupam Rasayan India Limited,Small Cap
ARVIND.NSE,Arvind Limited,Small Cap
ASAHIINDIA.NSE,Asahi India Glass Limited,Small Cap
ASHOKA.NSE,Ashoka Buildcon Limited,Small Cap
ASTEC.NSE,Astec LifeSciences Limited,Small Cap
ASTERDM.NSE,Aster DM Healthcare Limited,Small Cap
ASTRAZEN.NSE,AstraZeneca Pharma India Limited,Small Cap
ATFL.NSE,Agro Tech Foods Limited,Small Cap
AVANTIFEED.NSE,Avanti Feeds Limited,Small Cap
BAJAJCON.NSE,Bajaj Consumer Care Limited,Small Cap
BAJAJELEC.NSE,Bajaj Electricals Limited,Small Cap
BALAMINES.NSE,Balaji Amines Limited,Small Cap
BALMLAWRIE.NSE,Balmer Lawrie & Co. Ltd.,Small Cap
BALRAMCHIN.NSE,Balrampur Chini Mills Limited,Small Cap
BANARISUG.NSE,Bannari Amman Sugars Limited,Small Cap
BARBEQUE.NSE,Barbeque Nation Hospitality Ltd.,Small Cap
BASF.NSE,BASF India Limited,Small Cap
BBTC.NSE,The Bombay Burmah Trading Corporation, Limited,Small Cap
BDL.NSE,Bharat Dynamics Limited,Small Cap
BECTORFOOD.NSE,Mrs. Bectors Food Specialities Limited,Small Cap
BEML.NSE,BEML Limited,Small Cap
BEPL.NSE,Bhansali Engineering Polymers Limited,Small Cap
BHARATRAS.NSE,Bharat Rasayan Limited,Small Cap
BIRLACORPN.NSE,Birla Corporation Limited,Small Cap
BIRLAMONEY.NSE,one,Small Cap
BLUEDART.NSE,Blue Dart Express Limited,Small Cap
BLUESTARCO.NSE,Blue Star Limited,Small Cap
BOROLTD.NSE,Borosil Limited,Small Cap
BORORENEW.NSE,Borosil Renewables Limited,Small Cap
BRIGADE.NSE,Brigade Enterprises Limited,Small Cap
BSE.NSE,BSE Limited,Small Cap
BSOFT.NSE,Birlasoft Limited,Small Cap
BURGERKING.NSE,Burger King India Limited,Small Cap
CAMS.NSE,Computer Age Management Services Limited,Small Cap
CANFINHOME.NSE,Can Fin Homes Limited,Small Cap
CAPLIPOINT.NSE,Caplin Point Laboratories Limited,Small Cap
CARBORUNIV.NSE,Carborundum Universal Limited,Small Cap
CASTROLIND.NSE,Castrol India Limited,Small Cap
CCL.NSE,CCL Products (India) Limited,Small Cap
CDSL.NSE,Central Depository Services (India) Limited,Small Cap
CEATLTD.NSE,CEAT Limited,Small Cap
CENTRALBK.NSE,Central Bank of India,Small Cap
CENTURYPLY.NSE,Century Plyboards (India) Limited,Small Cap
CENTURYTEX.NSE,Century Textiles and Industries Limited,Small Cap
CERA.NSE,Cera Sanitaryware Limited,Small Cap
CESC.NSE,CESC Limited,Small Cap
CGCL.NSE,Capri Global Capital Limited,Small Cap
CGPOWER.NSE,CG Power and Industrial Solutions Limited,Small Cap
CHALET.NSE,Chalet Hotels Limited,Small Cap
CHAMBLFERT.NSE,Chambal Fertilisers and Chemicals Limited,Small Cap
CHOLAHLDNG.NSE,Cholamandalam Financial Holdings Limited,Small Cap
COCHINSHIP.NSE,Cochin Shipyard Limited,Small Cap
CRAFTSMAN.NSE,Craftsman Automation Limited,Small Cap
CREDITACC.NSE,CreditAccess Grameen Limited,Small Cap
CSBBANK.NSE,CSB Bank Limited,Small Cap
CUB.NSE,City Union Bank Ltd.,Small Cap
CYIENT.NSE,Cyient Limited,Small Cap
DAAWAT.NSE,LT Foods Limited,Small Cap
DALMIASUG.NSE,Dalmia Bharat Sugar and Industries Limited,Small Cap
DBL.NSE,Dilip Buildcon Limited,Small Cap
DCAL.NSE,Dishman Carbogen Amcis Limited,Small Cap
DCBBANK.NSE,DCB Bank Limited,Small Cap
DCMSHRIRAM.NSE,DCM Shriram Limited,Small Cap
DEEPAKFERT.NSE,Deepak Fertilisers And Petrochemicals Corporation Limited,Small Cap
DELTACORP.NSE,Delta Corp Limited,Small Cap
DHAMPURSUG.NSE,Dhampur Sugar Mills Limited,Small Cap
DHANI.NSE,Dhani Services Limited,Small Cap
DHANUKA.NSE,Dhanuka Agritech Limited,Small Cap
DONEAR.NSE,one,Small Cap
EASEMYTRIP.NSE,Easy Trip Planners Limited,Small Cap
EBIXFOREX.NSE,one,Small Cap
ECLERX.NSE,eClerx Services Limited,Small Cap
EDELWEISS.NSE,Edelweiss Financial Services Limited,Small Cap
EIDPARRY.NSE,E.I.D.- Parry (India) Limited,Small Cap
EIHOTEL.NSE,EIH Limited,Small Cap
ELGIEQUIP.NSE,ELGI Equipments Limited,Small Cap
ENGINERSIN.NSE,Engineers India Limited,Small Cap
EPL.NSE,EPL Limited,Small Cap
EQUITAS.NSE,Equitas Holdings Limited,Small Cap
EQUITASBNK.NSE,Equitas Small Finance Bank Limited,Small Cap
ERIS.NSE,Eris Lifesciences Limited,Small Cap
ESABINDIA.NSE,ESAB India Limited,Small Cap
EVEREADY.NSE,Eveready Industries India Limited,Small Cap
FACT.NSE,The Fertilisers And Chemicals Travancore Limited,Small Cap
FDC.NSE,FDC Limited,Small Cap
FINCABLES.NSE,Finolex Cables Limited,Small Cap
FINEORG.NSE,Fine Organic Industries Limited,Small Cap
FINPIPE.NSE,Finolex Industries Limited,Small Cap
FLUOROCHEM.NSE,Gujarat Fluorochemicals Limited,Small Cap
FRETAIL.NSE,Future Retail Limited,Small Cap
FSL.NSE,Firstsource Solutions Limited,Small Cap
GAEL.NSE,Gujarat Ambuja Exports Limited,Small Cap
GALAXYSURF.NSE,Galaxy Surfactants Limited,Small Cap
GARFIBRES.NSE,Garware Technical Fibres Limited,Small Cap
GDL.NSE,Gateway Distriparks Limited,Small Cap
GESHIP.NSE,The Great Eastern Shipping Company Limited,Small Cap
GHCL.NSE,GHCL Limited,Small Cap
GMDCLTD.NSE,Gujarat Mineral Development Corporation Limited,Small Cap
GMMPFAUDLR.NSE,GMM Pfaudler Limited,Small Cap
GNFC.NSE,Gujarat Narmada Valley Fertilizers & Chemicals Limited,Small Cap
GODFRYPHLP.NSE,Godfrey Phillips India Limited,Small Cap
GODREJAGRO.NSE,Godrej Agrovet Limited,Small Cap
GPIL.NSE,Godawari Power & Ispat Limited,Small Cap
GPPL.NSE,Gujarat Pipavav Port Limited,Small Cap
GRANULES.NSE,Granules India Limited,Small Cap
GRAPHITE.NSE,Graphite India Limited,Small Cap
GREAVESCOT.NSE,Greaves Cotton Limited,Small Cap
GREENLAM.NSE,Greenlam Industries Limited,Small Cap
GREENPANEL.NSE,Greenpanel Industries Limited,Small Cap
GREENPLY.NSE,Greenply Industries Limited,Small Cap
GRINDWELL.NSE,Grindwell Norton Limited,Small Cap
GRSE.NSE,Garden Reach Shipbuilders & Engineers Limited,Small Cap
GSFC.NSE,Gujarat State Fertilizers & Chemicals Limited,Small Cap
GSPL.NSE,one,Small Cap
GUJALKALI.NSE,Gujarat Alkalies and Chemicals Limited,Small Cap
GULFOILLUB.NSE,Gulf Oil Lubricants India Limited,Small Cap
HAPPSTMNDS.NSE,Happiest Minds Technologies Limited,Small Cap
HATHWAY.NSE,Hathway Cable and Datacom Limited,Small Cap
HCG.NSE,HealthCare Global Enterprises Limited,Small Cap
HEG.NSE,HEG Limited,Small Cap
HEIDELBERG.NSE,HeidelbergCement India Limited,Small Cap
HEMIPROP.NSE,Hemisphere Properties India Limited,Small Cap
HERANBA.NSE,Heranba Industries Limited,Small Cap
HESTERBIO.NSE,Hester Biosciences Limited,Small Cap
HFCL.NSE,HFCL Limited,Small Cap
HGINFRA.NSE,H.G. Infra Engineering Limited,Small Cap
HGS.NSE,Hinduja Global Solutions Limited,Small Cap
HIKAL.NSE,Hikal Limited,Small Cap
HIL.NSE,HIL Limited,Small Cap
HLEGLAS.NSE,HLE Glascoat Limited,Small Cap
HNDFDS.NSE,Hindustan Foods Limited,Small Cap
HOMEFIRST.NSE,Home First Finance Company India Limited,Small Cap
HONAUT.NSE,one,Small Cap
HSCL.NSE,Himadri Speciality Chemical Limited,Small Cap
HUDCO.NSE,Housing and Urban Development Corporation Limited,Small Cap
IBREALEST.NSE,Indiabulls Real Estate Limited,Small Cap
IBULHSGFIN.NSE,Indiabulls Housing Finance Limited,Small Cap
ICIL.NSE,Indo Count Industries Limited,Small Cap
ICRA.NSE,ICRA Limited,Small Cap
IDEA.NSE,one,Small Cap
IDFC.NSE,IDFC Limited,Small Cap
IEX.NSE,Indian Energy Exchange Limited,Small Cap
IFBIND.NSE,IFB Industries Limited,Small Cap
IFCI.NSE,IFCI Limited,Small Cap
IIFL.NSE,IIFL Finance Limited,Small Cap
IIFLWAM.NSE,IIFL Wealth Management Limited,Small Cap
INDIACEM.NSE,The India Cements Limited,Small Cap
INDIGOPNTS.NSE,Indigo Paints Limited,Small Cap
INDOCO.NSE,Indoco Remedies Limited,Small Cap
INDOSTAR.NSE,IndoStar Capital Finance Limited,Small Cap
INEOSSTYRO.NSE,INEOS Styrolution India Limited,Small Cap
INFIBEAM.NSE,Infibeam Avenues Limited,Small Cap
INGERRAND.NSE,Ingersoll-Rand (India) Limited,Small Cap
INOXLEISUR.NSE,INOX Leisure Limited,Small Cap
INTELLECT.NSE,Intellect Design Arena Limited,Small Cap
IOLCP.NSE,IOL Chemicals and Pharmaceuticals Limited,Small Cap
IRB.NSE,IRB Infrastructure Developers Limited,Small Cap
IRCON.NSE,Ircon International Limited,Small Cap
ITDC.NSE,India Tourism Development Corporation Limited,Small Cap
ITI.NSE,ITI Limited,Small Cap
JAMNAAUTO.NSE,Jamna Auto Industries Limited,Small Cap
JBCHEPHARM.NSE,J. B. Chemicals & Pharmaceuticals Limited,Small Cap
JCHAC.NSE,Johnson Controls-Hitachi Air Conditioning India Limited,Small Cap
JINDALPOLY.NSE,Jindal Poly Films Limited,Small Cap
JINDALSAW.NSE,Jindal Saw Limited,Small Cap
JKLAKSHMI.NSE,JK Lakshmi Cement Limited,Small Cap
JKPAPER.NSE,JK Paper Limited,Small Cap
JKTYRE.NSE,JK Tyre & Industries Limited,Small Cap
JMFINANCIL.NSE,JM Financial Limited,Small Cap
JPASSOCIAT.NSE,Jaiprakash Associates Limited,Small Cap
JPPOWER.NSE,Jaiprakash Power Ventures Limited,Small Cap
JSL.NSE,Jindal Stainless Limited,Small Cap
JSLHISAR.NSE,Jindal Stainless (Hisar) Limited,Small Cap
JSWHL.NSE,JSW Holdings Limited,Small Cap
JSWISPL.NSE,JSW Ispat Special Products Limited,Small Cap
JUBLINGREA.NSE,Jubilant Ingrevia Limited,Small Cap
JUBLPHARMA.NSE,Jubilant Pharmova Limited,Small Cap
JUSTDIAL.NSE,Just Dial Limited,Small Cap
JYOTHYLAB.NSE,Jyothy Labs Limited,Small Cap
KALPATPOWR.NSE,Kalpataru Power Transmission Limited,Small Cap
KALYANKJIL.NSE,Kalyan Jewellers India Limited,Small Cap
KARURVYSYA.NSE,The Karur Vysya Bank Limited,Small Cap
KEC.NSE,KEC International Limited,Small Cap
KEI.NSE,KEI Industries Limited,Small Cap
KENNAMET.NSE,Kennametal India Limited,Small Cap
KIRLFER.NSE,Kirloskar Ferrous Industries Limited,Small Cap
KIRLOSBROS.NSE,Kirloskar Brothers Limited,Small Cap
KIRLOSENG.NSE,Kirloskar Oil Engines Limited,Small Cap
KNRCON.NSE,KNR Constructions Limited,Small Cap
KPITTECH.NSE,KPIT Technologies Limited,Small Cap
KPRMILL.NSE,K.P.R. Mill Limited,Small Cap
KRBL.NSE,KRBL Limited,Small Cap
KSB.NSE,KSB Limited,Small Cap
KSCL.NSE,Kaveri Seed Company Limited,Small Cap
LAOPALA.NSE,La Opala RG Limited,Small Cap
LAXMIMACH.NSE,Lakshmi Machine Works Limited,Small Cap
LEMONTREE.NSE,Lemon Tree Hotels Limited,Small Cap
LINDEINDIA.NSE,Linde India Limited,Small Cap
LUXIND.NSE,Lux Industries Limited,Small Cap
LXCHEM.NSE,Laxmi Organic Industries Limited,Small Cap
MAGMA.NSE,Magma Fincorp Limited,Small Cap
MAHINDCIE.NSE,Mahindra CIE Automotive Limited,Small Cap
MAHLIFE.NSE,Mahindra Lifespace Developers Limited,Small Cap
MAHLOG.NSE,Mahindra Logistics Limited,Small Cap
MAHSCOOTER.NSE,Maharashtra Scooters Ltd.,Small Cap
MAITHANALL.NSE,Maithan Alloys Limited,Small Cap
MANAPPURAM.NSE,Manappuram Finance Limited,Small Cap
MARKSANS.NSE,Marksans Pharma Limited,Small Cap
MASFIN.NSE,MAS Financial Services Limited,Small Cap
MASTEK.NSE,Mastek Limited,Small Cap
MATRIMONY.NSE,Matrimony.com Limited,Small Cap
MAYURUNIQ.NSE,Mayur Uniquoters Limited,Small Cap
MAZDOCK.NSE,Mazagon Dock Shipbuilders Limited,Small Cap
MCX.NSE,Multi Commodity Exchange of India Limited,Small Cap
MEGH.NSE,Meghmani Organics Limited,Small Cap
METROPOLIS.NSE,Metropolis Healthcare Limited,Small Cap
MGL.NSE,Mahanagar Gas Limited,Small Cap
MHRIL.NSE,Mahindra Holidays & Resorts India Limited,Small Cap
MIDHANI.NSE,Mishra Dhatu Nigam Limited,Small Cap
MINDACORP.NSE,Minda Corporation Limited,Small Cap
MMTC.NSE,MMTC Limited,Small Cap
MOIL.NSE,MOIL Limited,Small Cap
MOREPENLAB.NSE,Morepen Laboratories Limited,Small Cap
MOTILALOFS.NSE,Motilal Oswal Financial Services Limited,Small Cap
MRPL.NSE,Mangalore Refinery and Petrochemicals Limited,Small Cap
MTARTECH.NSE,MTAR Technologies Limited,Small Cap
MTNL.NSE,one,Small Cap
NATIONALUM.NSE,National Aluminium Company Limited,Small Cap
NAZARA.NSE,Nazara Technologies Limited,Small Cap
NBCC.NSE,NBCC (India) Limited,Small Cap
NCC.NSE,NCC Limited,Small Cap
NDRAUTO.NSE,one,Small Cap
NESCO.NSE,Nesco Limited,Small Cap
NEULANDLAB.NSE,Neuland Laboratories Limited,Small Cap
NEWGEN.NSE,Newgen Software Technologies Limited,Small Cap
NFL.NSE,National Fertilizers Limited,Small Cap
NH.NSE,Narayana Hrudayalaya Limited,Small Cap
NIITLTD.NSE,NIIT Limited,Small Cap
NILKAMAL.NSE,Nilkamal Limited,Small Cap
NLCINDIA.NSE,NLC India Limited,Small Cap
NOCIL.NSE,NOCIL Limited,Small Cap
OAL.NSE,Oriental Aromatics Limited,Small Cap
OIL.NSE,Oil India Limited,Small Cap
ONELIFECAP.NSE,one,Small Cap
ONEPOINT.NSE,one,Small Cap
ORCHPHARMA.NSE,Orchid Pharma Limited,Small Cap
ORIENTCEM.NSE,Orient Cement Limited,Small Cap
ORIENTELEC.NSE,Orient Electric Limited,Small Cap
ORIENTREF.NSE,Orient Refractories Limited,Small Cap
PAISALO.NSE,Paisalo Digital Limited,Small Cap
PANACEABIO.NSE,Panacea Biotec Limited,Small Cap
PDSMFL.NSE,PDS Multinational Fashions Limited,Small Cap
PETRONET.NSE,one,Small Cap
PGHL.NSE,Procter & Gamble Health Limited,Small Cap
PHILIPCARB.NSE,Phillips Carbon Black Limited,Small Cap
PHOENIXLTD.NSE,The Phoenix Mills Limited,Small Cap
PIONDIST.NSE,one,Small Cap
PIONEEREMB.NSE,one,Small Cap
PNBHOUSING.NSE,PNB Housing Finance Limited,Small Cap
PNCINFRA.NSE,PNC Infratech Limited,Small Cap
POLYMED.NSE,Poly Medicure Limited,Small Cap
POLYPLEX.NSE,Polyplex Corporation Limited,Small Cap
POWERINDIA.NSE,ABB Power Products and Systems India Limited,Small Cap
PRAJIND.NSE,Praj Industries Limited,Small Cap
PRESTIGE.NSE,Prestige Estates Projects Limited,Small Cap
PRINCEPIPE.NSE,Prince Pipes and Fittings Limited,Small Cap
PRIVISCL.NSE,Privi Speciality Chemicals Limited,Small Cap
PROZONINTU.NSE,one,Small Cap
PRSMJOHNSN.NSE,Prism Johnson Limited,Small Cap
PSB.NSE,Punjab & Sind Bank,Small Cap
PTC.NSE,PTC India Limited,Small Cap
PVR.NSE,PVR Limited,Small Cap
QUESS.NSE,Quess Corp Limited,Small Cap
RADICO.NSE,Radico Khaitan Limited,Small Cap
RAILTEL.NSE,RailTel Corporation of India Limited,Small Cap
RAIN.NSE,Rain Industries Limited,Small Cap
RALLIS.NSE,Rallis India Limited,Small Cap
RAMCOIND.NSE,Ramco Industries Limited,Small Cap
RATNAMANI.NSE,Ratnamani Metals & Tubes Limited,Small Cap
RAYMOND.NSE,Raymond Limited,Small Cap
RBLBANK.NSE,RBL Bank Limited,Small Cap
RCF.NSE,Rashtriya Chemicals and Fertilizers Limited,Small Cap
REDINGTON.NSE,Redington (India) Limited,Small Cap
RELIGARE.NSE,Religare Enterprises Limited,Small Cap
RENUKA.NSE,Shree Renuka Sugars Limited,Small Cap
REPCOHOME.NSE,Repco Home Finance Limited,Small Cap
RESPONIND.NSE,Responsive Industries Limited,Small Cap
RITES.NSE,RITES Limited,Small Cap
ROSSARI.NSE,Rossari Biotech Limited,Small Cap
ROUTE.NSE,Route Mobile Limited,Small Cap
RPOWER.NSE,Reliance Power Limited,Small Cap
RTNPOWER.NSE,RattanIndia Power Limited,Small Cap
RUPA.NSE,Rupa & Company Limited,Small Cap
RVNL.NSE,Rail Vikas Nigam Limited,Small Cap
SAREGAMA.NSE,Saregama India Limited,Small Cap
SCHNEIDER.NSE,Schneider Electric Infrastructure Limited,Small Cap
SCI.NSE,The Shipping Corporation of India Limited,Small Cap
SEQUENT.NSE,Sequent Scientific Limited,Small Cap
SFL.NSE,Sheela Foam Limited,Small Cap
SHARDACROP.NSE,Sharda Cropchem Limited,Small Cap
SHIL.NSE,Somany Home Innovation Limited,Small Cap
SHILPAMED.NSE,Shilpa Medicare Limited,Small Cap
SHOPERSTOP.NSE,Shoppers Stop Limited,Small Cap
SHRIRAMCIT.NSE,Shriram City Union Finance Limited,Small Cap
SIS.NSE,SIS Limited,Small Cap
SJVN.NSE,SJVN Limited,Small Cap
SKFINDIA.NSE,SKF India Limited,Small Cap
SOBHA.NSE,Sobha Limited,Small Cap
SOLARA.NSE,Solara Active Pharma Sciences Limited,Small Cap
SOLARINDS.NSE,Solar Industries India Limited,Small Cap
SONATSOFTW.NSE,Sonata Software Limited,Small Cap
SPANDANA.NSE,Spandana Sphoorty Financial Limited,Small Cap
SPARC.NSE,Sun Pharma Advanced Research Company Limited,Small Cap
SPICEJET.NSE,SpiceJet Limited,Small Cap
STAR.NSE,Strides Pharma Science Limited,Small Cap
STARCEMENT.NSE,Star Cement Limited,Small Cap
STLTECH.NSE,Sterlite Technologies Limited,Small Cap
SUBEXLTD.NSE,Subex Limited,Small Cap
SUDARSCHEM.NSE,Sudarshan Chemical Industries Limited,Small Cap
SUNCLAYLTD.NSE,Sundaram-Clayton Limited,Small Cap
SUNDRMFAST.NSE,Sundram Fasteners Limited,Small Cap
SUNTECK.NSE,Sunteck Realty Limited,Small Cap
SUPPETRO.NSE,Supreme Petrochem Limited,Small Cap
SUPRAJIT.NSE,Suprajit Engineering Limited,Small Cap
SURYAROSNI.NSE,Surya Roshni Limited,Small Cap
SURYODAY.NSE,Suryoday Small Finance Bank Limited,Small Cap
SUVENPHAR.NSE,Suven Pharmaceuticals Limited,Small Cap
SUZLON.NSE,Suzlon Energy Limited,Small Cap
SWANENERGY.NSE,Swan Energy Limited,Small Cap
SWSOLAR.NSE,Sterling and Wilson Solar Limited,Small Cap
SYMPHONY.NSE,Symphony Limited,Small Cap
TALBROAUTO.NSE,one,Small Cap
TANLA.NSE,Tanla Platforms Limited,Small Cap
TASTYBITE.NSE,Tasty Bite Eatables Limited,Small Cap
TATACOFFEE.NSE,Tata Coffee Limited,Small Cap
TATAINVEST.NSE,Tata Investment Corporation Limited,Small Cap
TATAMETALI.NSE,Tata Metaliks Limited,Small Cap
TATASTLBSL.NSE,Tata Steel BSL Limited,Small Cap
TATASTLLP.NSE,Tata Steel Long Products Limited,Small Cap
TCI.NSE,Transport Corporation of India Limited,Small Cap
TCIEXP.NSE,TCI Express Limited,Small Cap
TCNSBRANDS.NSE,TCNS Clothing Co. Limited,Small Cap
TEAMLEASE.NSE,TeamLease Services Limited,Small Cap
TECHNOE.NSE,Techno Electric & Engineering Company Limited,Small Cap
THOMASCOOK.NSE,Thomas Cook (India) Limited,Small Cap
THYROCARE.NSE,Thyrocare Technologies Limited,Small Cap
TIMKEN.NSE,Timken India Limited,Small Cap
TINPLATE.NSE,The Tinplate Company of India Limited,Small Cap
TRIDENT.NSE,Trident Limited,Small Cap
TRITURBINE.NSE,Triveni Turbine Limited,Small Cap
TRIVENI.NSE,Triveni Engineering & Industries Limited,Small Cap
TTKPRESTIG.NSE,TTK Prestige Limited,Small Cap
TTML.NSE,Tata Teleservices (Maharashtra) Limited,Small Cap
TV18BRDCST.NSE,TV18 Broadcast Limited,Small Cap
UCOBANK.NSE,UCO Bank,Small Cap
UFLEX.NSE,Uflex Limited,Small Cap
UJJIVAN.NSE,Ujjivan Financial Services Limited,Small Cap
UJJIVANSFB.NSE,Ujjivan Small Finance Bank Limited,Small Cap
UNICHEMLAB.NSE,Unichem Laboratories Limited,Small Cap
VAIBHAVGBL.NSE,Vaibhav Global Limited,Small Cap
VAKRANGEE.NSE,Vakrangee Limited,Small Cap
VALIANTORG.NSE,Valiant Organics Limited,Small Cap
VARROC.NSE,Varroc Engineering Limited,Small Cap
VENKEYS.NSE,Venky's (India) Limited,Small Cap
VGUARD.NSE,V-Guard Industries Limited,Small Cap
VIPIND.NSE,VIP Industries Limited,Small Cap
VMART.NSE,V-Mart Retail Limited,Small Cap
VRLLOG.NSE,VRL Logistics Limited,Small Cap
VSTIND.NSE,VST Industries Limited,Small Cap
VTL.NSE,Vardhman Textiles Limited,Small Cap
WABCOINDIA.NSE,WABCO India Limited,Small Cap
WELCORP.NSE,Welspun Corp Limited,Small Cap
WELSPUNIND.NSE,Welspun India Limited,Small Cap
WESTLIFE.NSE,Westlife Development Limited,Small Cap
WOCKPHARMA.NSE,Wockhardt Limited,Small Cap
ZENSARTECH.NSE,Zensar Technologies Limited,Small Cap
ZYDUSWELL.NSE,Zydus Wellness Limited,Small Cap
